Age,Fare,Parch,PassengerId,Pclass,SibSp,x0_female,x0_male,x2_C,x2_Q,x2_S,Survived,predicted_probability,No,Yes
34.5,7.8292,0,892,3,0,0.0,1.0,0.0,1.0,0.0,No,0.9399999976158142,0.9354485,0.06455144
47.0,7.0,0,893,3,1,1.0,0.0,0.0,0.0,1.0,No,0.8500000238418579,0.8527728,0.14722721
62.0,9.6875,0,894,2,0,0.0,1.0,0.0,1.0,0.0,No,0.8100000023841858,0.80789137,0.1921086
27.0,8.6625,0,895,3,0,0.0,1.0,0.0,0.0,1.0,No,0.8600000143051147,0.8563361,0.14366388
22.0,12.2875,1,896,3,1,1.0,0.0,0.0,0.0,1.0,Yes,0.6600000262260437,0.33872837,0.66127163
14.0,9.225,0,897,3,0,0.0,1.0,0.0,0.0,1.0,No,0.9100000262260437,0.90801233,0.09198765
30.0,7.6292,0,898,3,0,1.0,0.0,0.0,1.0,0.0,Yes,0.6700000166893005,0.33419555,0.66580445
26.0,29.0,1,899,2,1,0.0,1.0,0.0,0.0,1.0,No,0.8700000047683716,0.87341076,0.12658925
18.0,7.2292,0,900,3,0,1.0,0.0,1.0,0.0,0.0,Yes,0.5899999737739563,0.40625578,0.5937442
21.0,24.15,0,901,3,2,0.0,1.0,0.0,0.0,1.0,No,0.9599999785423279,0.95554614,0.04445389
30.272590361445783,7.8958,0,902,3,0,0.0,1.0,0.0,0.0,1.0,No,0.9300000071525574,0.93151724,0.06848278
46.0,26.0,0,903,1,0,0.0,1.0,0.0,0.0,1.0,No,0.8500000238418579,0.8457058,0.15429418
23.0,82.2667,0,904,1,1,1.0,0.0,0.0,0.0,1.0,Yes,0.9700000286102295,0.033466935,0.96653306
63.0,26.0,0,905,2,1,0.0,1.0,0.0,0.0,1.0,No,0.8999999761581421,0.8967286,0.10327143
47.0,61.175,0,906,1,1,1.0,0.0,0.0,0.0,1.0,Yes,0.9599999785423279,0.037887692,0.9621123
24.0,27.7208,0,907,2,1,1.0,0.0,1.0,0.0,0.0,Yes,0.8399999737739563,0.16026253,0.8397375
35.0,12.35,0,908,2,0,0.0,1.0,0.0,1.0,0.0,No,0.8899999856948853,0.8881589,0.11184109
21.0,7.225,0,909,3,0,0.0,1.0,1.0,0.0,0.0,Yes,0.5799999833106995,0.58134705,0.41865295
27.0,7.925,0,910,3,1,1.0,0.0,0.0,0.0,1.0,Yes,0.5799999833106995,0.41600633,0.5839937
45.0,7.225,0,911,3,0,1.0,0.0,1.0,0.0,0.0,Yes,0.550000011920929,0.5546491,0.4453509
55.0,59.4,0,912,1,1,0.0,1.0,1.0,0.0,0.0,Yes,0.6899999976158142,0.6864271,0.31357288
9.0,3.1708,1,913,3,0,0.0,1.0,0.0,0.0,1.0,Yes,0.5400000214576721,0.5368618,0.4631382
30.272590361445783,31.6833,0,914,1,0,1.0,0.0,0.0,0.0,1.0,Yes,0.9700000286102295,0.032662034,0.96733797
21.0,61.3792,1,915,1,0,0.0,1.0,1.0,0.0,0.0,Yes,0.5400000214576721,0.5390665,0.4609335
48.0,262.375,3,916,1,1,1.0,0.0,1.0,0.0,0.0,Yes,0.8399999737739563,0.15511024,0.84488976
50.0,14.5,0,917,3,1,0.0,1.0,0.0,0.0,1.0,No,0.9300000071525574,0.9293079,0.070692115
22.0,61.9792,1,918,1,0,1.0,0.0,1.0,0.0,0.0,Yes,0.9700000286102295,0.033466935,0.96653306
22.5,7.225,0,919,3,0,0.0,1.0,1.0,0.0,0.0,No,0.7400000095367432,0.7449892,0.25501078
41.0,30.5,0,920,1,0,0.0,1.0,0.0,0.0,1.0,Yes,0.6100000143051147,0.38691336,0.61308664
30.272590361445783,21.6792,0,921,3,2,0.0,1.0,1.0,0.0,0.0,Yes,0.7099999785423279,0.7104517,0.2895483
50.0,26.0,0,922,2,1,0.0,1.0,0.0,0.0,1.0,No,0.9300000071525574,0.9293079,0.070692115
24.0,31.5,0,923,2,2,0.0,1.0,0.0,0.0,1.0,No,0.9300000071525574,0.9338966,0.06610338
33.0,20.575,2,924,3,1,1.0,0.0,0.0,0.0,1.0,Yes,0.6000000238418579,0.40047967,0.5995203
30.272590361445783,23.45,2,925,3,1,1.0,0.0,0.0,0.0,1.0,No,0.8299999833106995,0.825683,0.17431699
30.0,57.75,0,926,1,1,0.0,1.0,1.0,0.0,0.0,Yes,0.5799999833106995,0.58367217,0.4163278
18.5,7.2292,0,927,3,0,0.0,1.0,1.0,0.0,0.0,No,0.75,0.75244325,0.24755675
30.272590361445783,8.05,0,928,3,0,1.0,0.0,0.0,0.0,1.0,No,0.8399999737739563,0.8373346,0.16266543
21.0,8.6625,0,929,3,0,1.0,0.0,0.0,0.0,1.0,No,0.7900000214576721,0.79024315,0.20975685
25.0,9.5,0,930,3,0,0.0,1.0,0.0,0.0,1.0,No,0.8600000143051147,0.8563361,0.14366388
30.272590361445783,56.4958,0,931,3,0,0.0,1.0,0.0,0.0,1.0,Yes,0.5199999809265137,0.5203208,0.47967926
39.0,13.4167,1,932,3,0,0.0,1.0,1.0,0.0,0.0,No,0.8799999952316284,0.88164216,0.11835782
30.272590361445783,26.55,0,933,1,0,0.0,1.0,0.0,0.0,1.0,Yes,0.5400000214576721,0.4632964,0.5367036
41.0,7.85,0,934,3,0,0.0,1.0,0.0,0.0,1.0,No,0.9399999976158142,0.9354485,0.06455144
30.0,13.0,0,935,2,0,1.0,0.0,0.0,0.0,1.0,Yes,0.9399999976158142,0.061326087,0.9386739
45.0,52.5542,0,936,1,1,1.0,0.0,0.0,0.0,1.0,Yes,0.9599999785423279,0.037887692,0.9621123
25.0,7.925,0,937,3,0,0.0,1.0,0.0,0.0,1.0,Yes,0.7300000190734863,0.7269525,0.2730475
45.0,29.7,0,938,1,0,0.0,1.0,1.0,0.0,0.0,No,0.75,0.75156486,0.24843511
30.272590361445783,7.75,0,939,3,0,0.0,1.0,0.0,1.0,0.0,No,0.8799999952316284,0.88403,0.11597001
60.0,76.2917,0,940,1,0,1.0,0.0,1.0,0.0,0.0,Yes,0.9599999785423279,0.037887692,0.9621123
36.0,15.9,2,941,3,0,1.0,0.0,0.0,0.0,1.0,Yes,0.8500000238418579,0.15490806,0.84509194
24.0,60.0,0,942,1,1,0.0,1.0,0.0,0.0,1.0,Yes,0.7200000286102295,0.7212686,0.2787314
27.0,15.0333,0,943,2,0,0.0,1.0,1.0,0.0,0.0,No,0.8100000023841858,0.81244075,0.18755926
20.0,23.0,1,944,2,2,1.0,0.0,0.0,0.0,1.0,Yes,0.9300000071525574,0.06795782,0.9320422
28.0,263.0,2,945,1,3,1.0,0.0,0.0,0.0,1.0,Yes,0.8600000143051147,0.13600194,0.86399806
30.272590361445783,15.5792,0,946,2,0,0.0,1.0,1.0,0.0,0.0,Yes,0.5099999904632568,0.48930585,0.51069415
10.0,29.125,1,947,3,4,0.0,1.0,0.0,1.0,0.0,No,0.9200000166893005,0.9166472,0.083352834
35.0,7.8958,0,948,3,0,0.0,1.0,0.0,0.0,1.0,No,0.9399999976158142,0.9354485,0.06455144
25.0,7.65,0,949,3,0,0.0,1.0,0.0,0.0,1.0,No,0.8999999761581421,0.9007616,0.099238396
30.272590361445783,16.1,0,950,3,1,0.0,1.0,0.0,0.0,1.0,No,0.9100000262260437,0.90711755,0.092882454
36.0,262.375,0,951,1,0,1.0,0.0,1.0,0.0,0.0,Yes,0.9399999976158142,0.055032372,0.9449676
17.0,7.8958,0,952,3,0,0.0,1.0,0.0,0.0,1.0,No,0.9300000071525574,0.9328292,0.06717078
32.0,13.5,0,953,2,0,0.0,1.0,0.0,0.0,1.0,No,0.7300000190734863,0.72904694,0.27095303
18.0,7.75,0,954,3,0,0.0,1.0,0.0,0.0,1.0,No,0.9100000262260437,0.9061849,0.093815066
22.0,7.725,0,955,3,0,1.0,0.0,0.0,1.0,0.0,Yes,0.7699999809265137,0.22691005,0.77308995
13.0,262.375,2,956,1,2,0.0,1.0,1.0,0.0,0.0,Yes,0.550000011920929,0.55292475,0.44707522
30.272590361445783,21.0,0,957,2,0,1.0,0.0,0.0,0.0,1.0,Yes,0.9399999976158142,0.06321311,0.9367869
18.0,7.8792,0,958,3,0,1.0,0.0,0.0,1.0,0.0,Yes,0.699999988079071,0.29537028,0.7046297
47.0,42.4,0,959,1,0,0.0,1.0,0.0,0.0,1.0,No,0.8999999761581421,0.8997839,0.10021611
31.0,28.5375,0,960,1,0,0.0,1.0,1.0,0.0,0.0,Yes,0.699999988079071,0.69561845,0.30438155
60.0,263.0,4,961,1,1,1.0,0.0,0.0,0.0,1.0,Yes,0.8399999737739563,0.15511024,0.84488976
24.0,7.75,0,962,3,0,1.0,0.0,0.0,1.0,0.0,Yes,0.7699999809265137,0.22691005,0.77308995
21.0,7.8958,0,963,3,0,0.0,1.0,0.0,0.0,1.0,No,0.9300000071525574,0.92733204,0.072667934
29.0,7.925,0,964,3,0,1.0,0.0,0.0,0.0,1.0,Yes,0.7099999785423279,0.70971346,0.29028657
28.5,27.7208,0,965,1,0,0.0,1.0,1.0,0.0,0.0,No,0.7599999904632568,0.75796556,0.24203445
35.0,211.5,0,966,1,0,1.0,0.0,1.0,0.0,0.0,Yes,0.9300000071525574,0.069638014,0.930362
32.5,211.5,0,967,1,0,0.0,1.0,1.0,0.0,0.0,Yes,0.5199999809265137,0.51503885,0.48496115
30.272590361445783,8.05,0,968,3,0,0.0,1.0,0.0,0.0,1.0,No,0.8700000047683716,0.8675826,0.13241737
55.0,25.7,0,969,1,2,1.0,0.0,0.0,0.0,1.0,Yes,0.8500000238418579,0.14532691,0.8546731
30.0,13.0,0,970,2,0,0.0,1.0,0.0,0.0,1.0,No,0.8700000047683716,0.8675826,0.13241737
24.0,7.75,0,971,3,0,1.0,0.0,0.0,1.0,0.0,Yes,0.7699999809265137,0.22691005,0.77308995
6.0,15.2458,1,972,3,1,0.0,1.0,1.0,0.0,0.0,Yes,0.9399999976158142,0.06401181,0.9359882
67.0,221.7792,0,973,1,1,0.0,1.0,0.0,0.0,1.0,No,0.800000011920929,0.79626805,0.20373195
49.0,26.0,0,974,1,0,0.0,1.0,0.0,0.0,1.0,Yes,0.6899999976158142,0.6887238,0.31127623
30.272590361445783,7.8958,0,975,3,0,0.0,1.0,0.0,0.0,1.0,No,0.9300000071525574,0.93151724,0.06848278
30.272590361445783,10.7083,0,976,2,0,0.0,1.0,0.0,1.0,0.0,No,0.8700000047683716,0.8675826,0.13241737
30.272590361445783,14.4542,0,977,3,1,0.0,1.0,1.0,0.0,0.0,No,0.8100000023841858,0.81064785,0.18935214
27.0,7.8792,0,978,3,0,1.0,0.0,0.0,1.0,0.0,Yes,0.8700000047683716,0.13445133,0.8655487
18.0,8.05,0,979,3,0,1.0,0.0,0.0,0.0,1.0,Yes,0.5899999737739563,0.40909165,0.59090835
30.272590361445783,7.75,0,980,3,0,1.0,0.0,0.0,1.0,0.0,Yes,0.7599999904632568,0.24100459,0.7589954
2.0,23.0,1,981,2,1,0.0,1.0,0.0,0.0,1.0,Yes,0.9399999976158142,0.05531919,0.9446808
22.0,13.9,0,982,3,1,1.0,0.0,0.0,0.0,1.0,Yes,0.550000011920929,0.45021933,0.54978067
30.272590361445783,7.775,0,983,3,0,0.0,1.0,0.0,0.0,1.0,No,0.8600000143051147,0.86423236,0.13576764
27.0,52.0,2,984,1,1,1.0,0.0,0.0,0.0,1.0,Yes,0.9200000166893005,0.077019274,0.9229807
30.272590361445783,8.05,0,985,3,0,0.0,1.0,0.0,0.0,1.0,No,0.8700000047683716,0.8675826,0.13241737
25.0,26.0,0,986,1,0,0.0,1.0,1.0,0.0,0.0,Yes,0.6200000047683716,0.61798,0.38202003
25.0,7.7958,0,987,3,0,0.0,1.0,0.0,0.0,1.0,No,0.7599999904632568,0.7562926,0.24370743
76.0,78.85,0,988,1,1,1.0,0.0,0.0,0.0,1.0,Yes,0.9599999785423279,0.037887692,0.9621123
29.0,7.925,0,989,3,0,0.0,1.0,0.0,0.0,1.0,No,0.75,0.75225854,0.24774143
20.0,7.8542,0,990,3,0,1.0,0.0,0.0,0.0,1.0,Yes,0.6200000047683716,0.6186922,0.38130778
33.0,8.05,0,991,3,0,0.0,1.0,0.0,0.0,1.0,No,0.8899999856948853,0.8881589,0.11184109
43.0,55.4417,0,992,1,1,1.0,0.0,1.0,0.0,0.0,Yes,0.9700000286102295,0.032662034,0.96733797
27.0,26.0,0,993,2,1,0.0,1.0,0.0,0.0,1.0,No,0.9100000262260437,0.90556073,0.094439246
30.272590361445783,7.75,0,994,3,0,0.0,1.0,0.0,1.0,0.0,No,0.8799999952316284,0.88403,0.11597001
26.0,7.775,0,995,3,0,0.0,1.0,0.0,0.0,1.0,No,0.7599999904632568,0.7562926,0.24370743
16.0,8.5167,1,996,3,1,1.0,0.0,1.0,0.0,0.0,Yes,0.6100000143051147,0.38504285,0.61495715
28.0,22.525,0,997,3,0,0.0,1.0,0.0,0.0,1.0,No,0.9100000262260437,0.90772873,0.092271276
21.0,7.8208,0,998,3,0,0.0,1.0,0.0,1.0,0.0,No,0.9200000166893005,0.92046154,0.07953847
30.272590361445783,7.75,0,999,3,0,0.0,1.0,0.0,1.0,0.0,No,0.8799999952316284,0.88403,0.11597001
30.272590361445783,8.7125,0,1000,3,0,0.0,1.0,0.0,0.0,1.0,No,0.8700000047683716,0.8675826,0.13241737
18.5,13.0,0,1001,2,0,0.0,1.0,0.0,0.0,1.0,No,0.9200000166893005,0.9232135,0.07678652
41.0,15.0458,0,1002,2,0,0.0,1.0,1.0,0.0,0.0,No,0.8799999952316284,0.88164216,0.11835782
30.272590361445783,7.7792,0,1003,3,0,1.0,0.0,0.0,1.0,0.0,Yes,0.7799999713897705,0.21686035,0.78313965
36.0,31.6792,0,1004,1,0,1.0,0.0,1.0,0.0,0.0,Yes,0.9700000286102295,0.032662034,0.96733797
18.5,7.2833,0,1005,3,0,1.0,0.0,0.0,1.0,0.0,Yes,0.5299999713897705,0.52769625,0.47230378
63.0,221.7792,0,1006,1,1,1.0,0.0,0.0,0.0,1.0,Yes,0.9399999976158142,0.06360191,0.9363981
18.0,14.4542,0,1007,3,1,0.0,1.0,1.0,0.0,0.0,No,0.7799999713897705,0.78361547,0.21638456
30.272590361445783,6.4375,0,1008,3,0,0.0,1.0,1.0,0.0,0.0,No,0.9300000071525574,0.9268048,0.073195204
1.0,16.7,1,1009,3,1,1.0,0.0,0.0,0.0,1.0,Yes,0.7200000286102295,0.28021258,0.7197874
36.0,75.2417,0,1010,1,0,0.0,1.0,1.0,0.0,0.0,Yes,0.5600000023841858,0.55593336,0.44406667
29.0,26.0,0,1011,2,1,1.0,0.0,0.0,0.0,1.0,Yes,0.9100000262260437,0.085751176,0.9142488
12.0,15.75,0,1012,2,0,1.0,0.0,0.0,0.0,1.0,Yes,0.9399999976158142,0.064881265,0.93511873
30.272590361445783,7.75,0,1013,3,1,0.0,1.0,0.0,1.0,0.0,No,0.8799999952316284,0.88403,0.11597001
35.0,57.75,0,1014,1,1,1.0,0.0,1.0,0.0,0.0,Yes,0.9700000286102295,0.032662034,0.96733797
28.0,7.25,0,1015,3,0,0.0,1.0,0.0,0.0,1.0,No,0.8799999952316284,0.8773504,0.12264963
30.272590361445783,7.75,0,1016,3,0,0.0,1.0,0.0,1.0,0.0,No,0.8799999952316284,0.88403,0.11597001
17.0,16.1,1,1017,3,0,1.0,0.0,0.0,0.0,1.0,Yes,0.7300000190734863,0.2747001,0.7252999
22.0,7.7958,0,1018,3,0,0.0,1.0,0.0,0.0,1.0,No,0.8399999737739563,0.8433535,0.15664649
30.272590361445783,23.25,0,1019,3,2,1.0,0.0,0.0,1.0,0.0,Yes,0.8700000047683716,0.12651122,0.8734888
42.0,13.0,0,1020,2,0,0.0,1.0,0.0,0.0,1.0,No,0.8500000238418579,0.8545033,0.14549671
24.0,8.05,0,1021,3,0,0.0,1.0,0.0,0.0,1.0,No,0.8899999856948853,0.893791,0.10620898
32.0,8.05,0,1022,3,0,0.0,1.0,0.0,0.0,1.0,Yes,0.7200000286102295,0.7207391,0.27926084
53.0,28.5,0,1023,1,0,0.0,1.0,1.0,0.0,0.0,No,0.7400000095367432,0.73529494,0.2647051
30.272590361445783,25.4667,4,1024,3,0,1.0,0.0,0.0,0.0,1.0,No,0.9200000166893005,0.9173486,0.0826514
30.272590361445783,6.4375,0,1025,3,1,0.0,1.0,1.0,0.0,0.0,No,0.9300000071525574,0.9268048,0.073195204
43.0,7.8958,0,1026,3,0,0.0,1.0,0.0,0.0,1.0,No,0.9399999976158142,0.9354485,0.06455144
24.0,7.8542,0,1027,3,0,0.0,1.0,0.0,0.0,1.0,No,0.9100000262260437,0.91251314,0.087486856
26.5,7.225,0,1028,3,0,0.0,1.0,1.0,0.0,0.0,Yes,0.699999988079071,0.6968215,0.3031785
26.0,13.0,0,1029,2,0,0.0,1.0,0.0,0.0,1.0,No,0.8899999856948853,0.88574576,0.114254236
23.0,8.05,0,1030,3,0,1.0,0.0,0.0,0.0,1.0,Yes,0.7300000190734863,0.72837466,0.27162534
40.0,46.9,6,1031,3,1,0.0,1.0,0.0,0.0,1.0,No,0.9300000071525574,0.92862344,0.071376584
10.0,46.9,2,1032,3,5,1.0,0.0,0.0,0.0,1.0,No,0.8899999856948853,0.8913822,0.10861775
33.0,151.55,0,1033,1,0,1.0,0.0,0.0,0.0,1.0,Yes,0.9300000071525574,0.069638014,0.930362
61.0,262.375,3,1034,1,1,0.0,1.0,1.0,0.0,0.0,Yes,0.6600000262260437,0.655148,0.344852
28.0,26.0,0,1035,2,0,0.0,1.0,0.0,0.0,1.0,No,0.8999999761581421,0.90088904,0.099110976
42.0,26.55,0,1036,1,0,0.0,1.0,0.0,0.0,1.0,Yes,0.6499999761581421,0.3472572,0.6527428
31.0,18.0,0,1037,3,3,0.0,1.0,0.0,0.0,1.0,No,0.8500000238418579,0.8472722,0.1527278
30.272590361445783,51.8625,0,1038,1,0,0.0,1.0,0.0,0.0,1.0,No,0.8600000143051147,0.86462784,0.13537219
22.0,8.05,0,1039,3,0,0.0,1.0,0.0,0.0,1.0,No,0.8899999856948853,0.893791,0.10620898
30.272590361445783,26.55,0,1040,1,0,0.0,1.0,0.0,0.0,1.0,Yes,0.5400000214576721,0.4632964,0.5367036
30.0,26.0,1,1041,2,1,0.0,1.0,0.0,0.0,1.0,No,0.9200000166893005,0.9178748,0.082125194
23.0,83.1583,1,1042,1,0,1.0,0.0,1.0,0.0,0.0,Yes,0.9700000286102295,0.033466935,0.96653306
30.272590361445783,7.8958,0,1043,3,0,0.0,1.0,1.0,0.0,0.0,No,0.8799999952316284,0.88203955,0.117960475
60.5,35.627188489208635,0,1044,3,0,0.0,1.0,0.0,0.0,1.0,No,0.8199999928474426,0.8182463,0.1817537
36.0,12.1833,2,1045,3,0,1.0,0.0,0.0,0.0,1.0,Yes,0.7900000214576721,0.20513749,0.7948625
13.0,31.3875,2,1046,3,4,0.0,1.0,0.0,0.0,1.0,No,0.9300000071525574,0.9310812,0.068918854
24.0,7.55,0,1047,3,0,0.0,1.0,0.0,0.0,1.0,No,0.8999999761581421,0.9007616,0.099238396
29.0,221.7792,0,1048,1,0,1.0,0.0,0.0,0.0,1.0,Yes,0.9399999976158142,0.055032372,0.9449676
23.0,7.8542,0,1049,3,0,1.0,0.0,0.0,0.0,1.0,Yes,0.6499999761581421,0.6461003,0.3538997
42.0,26.55,0,1050,1,0,0.0,1.0,0.0,0.0,1.0,Yes,0.6499999761581421,0.3472572,0.6527428
26.0,13.775,2,1051,3,0,1.0,0.0,0.0,0.0,1.0,Yes,0.7099999785423279,0.2852713,0.7147287
30.272590361445783,7.7333,0,1052,3,0,1.0,0.0,0.0,1.0,0.0,Yes,0.7599999904632568,0.24100459,0.7589954
7.0,15.2458,1,1053,3,1,0.0,1.0,1.0,0.0,0.0,Yes,0.8600000143051147,0.1393286,0.8606714
26.0,13.5,0,1054,2,0,1.0,0.0,0.0,0.0,1.0,Yes,0.7200000286102295,0.27688807,0.7231119
30.272590361445783,7.0,0,1055,3,0,0.0,1.0,0.0,0.0,1.0,No,0.9300000071525574,0.93373275,0.06626724
41.0,13.0,0,1056,2,0,0.0,1.0,0.0,0.0,1.0,No,0.8500000238418579,0.8545033,0.14549671
26.0,22.025,1,1057,3,1,1.0,0.0,0.0,0.0,1.0,No,0.7400000095367432,0.7375579,0.26244214
48.0,50.4958,0,1058,1,0,0.0,1.0,1.0,0.0,0.0,Yes,0.6200000047683716,0.61588585,0.38411418
18.0,34.375,2,1059,3,2,0.0,1.0,0.0,0.0,1.0,No,0.8899999856948853,0.8880147,0.11198531
30.272590361445783,27.7208,0,1060,1,0,1.0,0.0,1.0,0.0,0.0,Yes,0.9399999976158142,0.06321311,0.9367869
22.0,8.9625,0,1061,3,0,1.0,0.0,0.0,0.0,1.0,No,0.7900000214576721,0.79024315,0.20975685
30.272590361445783,7.55,0,1062,3,0,0.0,1.0,0.0,0.0,1.0,No,0.9399999976158142,0.9385224,0.061477616
27.0,7.225,0,1063,3,0,0.0,1.0,1.0,0.0,0.0,Yes,0.699999988079071,0.6968215,0.3031785
23.0,13.9,0,1064,3,1,0.0,1.0,0.0,0.0,1.0,No,0.949999988079071,0.9494515,0.05054848
30.272590361445783,7.2292,0,1065,3,0,0.0,1.0,1.0,0.0,0.0,No,0.9300000071525574,0.9268048,0.073195204
40.0,31.3875,5,1066,3,1,0.0,1.0,0.0,0.0,1.0,No,0.9200000166893005,0.92290914,0.077090874
15.0,39.0,2,1067,2,0,1.0,0.0,0.0,0.0,1.0,Yes,0.9399999976158142,0.062527,0.937473
20.0,36.75,0,1068,2,0,1.0,0.0,0.0,0.0,1.0,Yes,0.9700000286102295,0.033466935,0.96653306
54.0,55.4417,0,1069,1,1,0.0,1.0,1.0,0.0,0.0,Yes,0.6600000262260437,0.66357124,0.33642873
36.0,39.0,3,1070,2,0,1.0,0.0,0.0,0.0,1.0,Yes,0.949999988079071,0.050755143,0.94924486
64.0,83.1583,2,1071,1,0,1.0,0.0,1.0,0.0,0.0,Yes,0.9399999976158142,0.058699965,0.94130003
30.0,13.0,0,1072,2,0,0.0,1.0,0.0,0.0,1.0,No,0.8700000047683716,0.8675826,0.13241737
37.0,83.1583,1,1073,1,1,0.0,1.0,1.0,0.0,0.0,Yes,0.5199999809265137,0.4788816,0.5211184
18.0,53.1,0,1074,1,1,1.0,0.0,0.0,0.0,1.0,Yes,0.9700000286102295,0.033466935,0.96653306
30.272590361445783,7.75,0,1075,3,0,0.0,1.0,0.0,1.0,0.0,No,0.8799999952316284,0.88403,0.11597001
27.0,247.5208,1,1076,1,1,1.0,0.0,1.0,0.0,0.0,Yes,0.9200000166893005,0.08331561,0.9166844
40.0,16.0,0,1077,2,0,0.0,1.0,0.0,0.0,1.0,No,0.8999999761581421,0.9047626,0.09523736
21.0,21.0,1,1078,2,0,1.0,0.0,0.0,0.0,1.0,Yes,0.9399999976158142,0.064837694,0.9351623
17.0,8.05,0,1079,3,2,0.0,1.0,0.0,0.0,1.0,No,0.75,0.7465954,0.25340465
30.272590361445783,69.55,2,1080,3,8,1.0,0.0,0.0,0.0,1.0,No,0.8799999952316284,0.87886393,0.121136054
40.0,13.0,0,1081,2,0,0.0,1.0,0.0,0.0,1.0,No,0.8500000238418579,0.8545033,0.14549671
34.0,26.0,0,1082,2,1,0.0,1.0,0.0,0.0,1.0,No,0.9200000166893005,0.92335975,0.076640226
30.272590361445783,26.0,0,1083,1,0,0.0,1.0,0.0,0.0,1.0,No,0.8600000143051147,0.8597637,0.14023632
11.5,14.5,1,1084,3,1,0.0,1.0,0.0,0.0,1.0,Yes,0.5400000214576721,0.54194313,0.45805687
61.0,12.35,0,1085,2,0,0.0,1.0,0.0,1.0,0.0,No,0.8399999737739563,0.8411847,0.15881532
8.0,32.5,2,1086,2,0,0.0,1.0,0.0,0.0,1.0,Yes,0.7599999904632568,0.23595852,0.7640415
33.0,7.8542,0,1087,3,0,0.0,1.0,0.0,0.0,1.0,No,0.9399999976158142,0.9354485,0.06455144
6.0,134.5,2,1088,1,0,0.0,1.0,1.0,0.0,0.0,Yes,0.8899999856948853,0.11095595,0.88904405
18.0,7.775,0,1089,3,0,1.0,0.0,0.0,0.0,1.0,Yes,0.5899999737739563,0.40733993,0.59266007
23.0,10.5,0,1090,2,0,0.0,1.0,0.0,0.0,1.0,No,0.9200000166893005,0.9236544,0.07634561
30.272590361445783,8.1125,0,1091,3,0,1.0,0.0,0.0,0.0,1.0,No,0.8399999737739563,0.8373346,0.16266543
30.272590361445783,15.5,0,1092,3,0,1.0,0.0,0.0,1.0,0.0,Yes,0.7099999785423279,0.2899657,0.7100343
0.33,14.4,2,1093,3,0,0.0,1.0,0.0,0.0,1.0,Yes,0.9399999976158142,0.05531919,0.9446808
47.0,227.525,0,1094,1,1,0.0,1.0,1.0,0.0,0.0,Yes,0.7200000286102295,0.7209004,0.2790996
8.0,26.0,1,1095,2,1,1.0,0.0,0.0,0.0,1.0,Yes,0.9300000071525574,0.06800336,0.93199664
25.0,10.5,0,1096,2,0,0.0,1.0,0.0,0.0,1.0,No,0.8899999856948853,0.88574576,0.114254236
30.272590361445783,25.7417,0,1097,1,0,0.0,1.0,1.0,0.0,0.0,No,0.7699999809265137,0.76976377,0.23023625
35.0,7.75,0,1098,3,0,1.0,0.0,0.0,1.0,0.0,Yes,0.7900000214576721,0.20583528,0.7941647
24.0,10.5,0,1099,2,0,0.0,1.0,0.0,0.0,1.0,No,0.9200000166893005,0.9236544,0.07634561
33.0,27.7208,0,1100,1,0,1.0,0.0,1.0,0.0,0.0,Yes,0.949999988079071,0.052525878,0.9474741
25.0,7.8958,0,1101,3,0,0.0,1.0,0.0,0.0,1.0,No,0.9100000262260437,0.9060134,0.09398657
32.0,22.525,0,1102,3,0,0.0,1.0,0.0,0.0,1.0,No,0.7300000190734863,0.72904694,0.27095303
30.272590361445783,7.05,0,1103,3,0,0.0,1.0,0.0,0.0,1.0,No,0.9300000071525574,0.93373275,0.06626724
17.0,73.5,0,1104,2,0,0.0,1.0,0.0,0.0,1.0,No,0.8899999856948853,0.8874007,0.1125993
60.0,26.0,0,1105,2,1,1.0,0.0,0.0,0.0,1.0,Yes,0.7599999904632568,0.24431586,0.75568414
38.0,7.775,2,1106,3,4,1.0,0.0,0.0,0.0,1.0,No,0.7699999809265137,0.7700971,0.22990292
42.0,42.5,0,1107,1,0,0.0,1.0,0.0,0.0,1.0,No,0.8100000023841858,0.81180906,0.1881909
30.272590361445783,7.8792,0,1108,3,0,1.0,0.0,0.0,1.0,0.0,Yes,0.8299999833106995,0.17296416,0.82703584
57.0,164.8667,1,1109,1,1,0.0,1.0,0.0,0.0,1.0,No,0.8199999928474426,0.8184658,0.18153416
50.0,211.5,1,1110,1,1,1.0,0.0,1.0,0.0,0.0,Yes,0.9200000166893005,0.08028865,0.91971135
30.272590361445783,8.05,0,1111,3,0,0.0,1.0,0.0,0.0,1.0,No,0.8700000047683716,0.8675826,0.13241737
30.0,13.8583,0,1112,2,1,1.0,0.0,1.0,0.0,0.0,Yes,0.9100000262260437,0.087010264,0.91298974
21.0,8.05,0,1113,3,0,0.0,1.0,0.0,0.0,1.0,No,0.8899999856948853,0.893791,0.10620898
22.0,10.5,0,1114,2,0,1.0,0.0,0.0,0.0,1.0,Yes,0.9300000071525574,0.07277584,0.92722416
21.0,7.7958,0,1115,3,0,0.0,1.0,0.0,0.0,1.0,No,0.8399999737739563,0.8433535,0.15664649
53.0,27.4458,0,1116,1,0,1.0,0.0,1.0,0.0,0.0,Yes,0.7699999809265137,0.22734135,0.77265865
30.272590361445783,15.2458,2,1117,3,0,1.0,0.0,1.0,0.0,0.0,No,0.7400000095367432,0.7421247,0.25787535
23.0,7.7958,0,1118,3,0,0.0,1.0,0.0,0.0,1.0,No,0.8399999737739563,0.8433535,0.15664649
30.272590361445783,7.75,0,1119,3,0,1.0,0.0,0.0,1.0,0.0,Yes,0.7599999904632568,0.24100459,0.7589954
40.5,15.1,0,1120,3,0,0.0,1.0,0.0,0.0,1.0,No,0.8999999761581421,0.9047626,0.09523736
36.0,13.0,0,1121,2,0,0.0,1.0,0.0,0.0,1.0,No,0.8500000238418579,0.8545033,0.14549671
14.0,65.0,0,1122,2,0,0.0,1.0,0.0,0.0,1.0,No,0.8899999856948853,0.8874007,0.1125993
21.0,26.55,0,1123,1,0,1.0,0.0,0.0,0.0,1.0,Yes,0.949999988079071,0.05396217,0.9460378
21.0,6.4958,0,1124,3,1,0.0,1.0,0.0,0.0,1.0,No,0.8700000047683716,0.87052673,0.12947327
30.272590361445783,7.8792,0,1125,3,0,0.0,1.0,0.0,1.0,0.0,No,0.9300000071525574,0.93151724,0.06848278
39.0,71.2833,0,1126,1,1,0.0,1.0,1.0,0.0,0.0,Yes,0.5799999833106995,0.5816605,0.41833946
20.0,7.8542,0,1127,3,0,0.0,1.0,0.0,0.0,1.0,No,0.9200000166893005,0.92018986,0.07981014
64.0,75.25,0,1128,1,1,0.0,1.0,1.0,0.0,0.0,Yes,0.6899999976158142,0.6864271,0.31357288
20.0,7.225,0,1129,3,0,0.0,1.0,1.0,0.0,0.0,Yes,0.6700000166893005,0.6667255,0.3332745
18.0,13.0,1,1130,2,1,1.0,0.0,0.0,0.0,1.0,Yes,0.9200000166893005,0.07624692,0.9237531
48.0,106.425,0,1131,1,1,1.0,0.0,1.0,0.0,0.0,Yes,0.9599999785423279,0.037887692,0.9621123
55.0,27.7208,0,1132,1,0,1.0,0.0,1.0,0.0,0.0,Yes,0.7699999809265137,0.22734135,0.77265865
45.0,30.0,2,1133,2,0,1.0,0.0,0.0,0.0,1.0,Yes,0.9399999976158142,0.058699965,0.94130003
45.0,134.5,1,1134,1,1,0.0,1.0,1.0,0.0,0.0,Yes,0.6700000166893005,0.67107385,0.32892615
30.272590361445783,7.8875,0,1135,3,0,0.0,1.0,0.0,0.0,1.0,No,0.9300000071525574,0.93151724,0.06848278
30.272590361445783,23.45,2,1136,3,1,0.0,1.0,0.0,0.0,1.0,No,0.9200000166893005,0.9178748,0.082125194
41.0,51.8625,0,1137,1,1,0.0,1.0,0.0,0.0,1.0,Yes,0.6700000166893005,0.6740736,0.32592645
22.0,21.0,0,1138,2,0,1.0,0.0,0.0,0.0,1.0,Yes,0.9399999976158142,0.064837694,0.9351623
42.0,32.5,1,1139,2,1,0.0,1.0,0.0,0.0,1.0,No,0.9200000166893005,0.92290914,0.077090874
29.0,26.0,0,1140,2,1,1.0,0.0,0.0,0.0,1.0,Yes,0.9100000262260437,0.085751176,0.9142488
30.272590361445783,14.4542,0,1141,3,1,1.0,0.0,1.0,0.0,0.0,Yes,0.699999988079071,0.6981561,0.30184385
0.92,27.75,2,1142,2,1,1.0,0.0,0.0,0.0,1.0,Yes,0.9100000262260437,0.08851898,0.911481
20.0,7.925,0,1143,3,0,0.0,1.0,0.0,0.0,1.0,Yes,0.6100000143051147,0.6060569,0.39394307
27.0,136.7792,0,1144,1,1,0.0,1.0,1.0,0.0,0.0,Yes,0.5600000023841858,0.55598694,0.44401306
24.0,9.325,0,1145,3,0,0.0,1.0,0.0,0.0,1.0,No,0.9200000166893005,0.9236544,0.07634561
32.5,9.5,0,1146,3,0,0.0,1.0,0.0,0.0,1.0,No,0.8899999856948853,0.8881589,0.11184109
30.272590361445783,7.55,0,1147,3,0,0.0,1.0,0.0,0.0,1.0,No,0.9399999976158142,0.9385224,0.061477616
30.272590361445783,7.75,0,1148,3,0,0.0,1.0,0.0,1.0,0.0,No,0.8799999952316284,0.88403,0.11597001
28.0,8.05,0,1149,3,0,0.0,1.0,0.0,0.0,1.0,No,0.8899999856948853,0.89327353,0.10672645
19.0,13.0,0,1150,2,0,1.0,0.0,0.0,0.0,1.0,Yes,0.9300000071525574,0.07277584,0.92722416
21.0,7.775,0,1151,3,0,0.0,1.0,0.0,0.0,1.0,No,0.8399999737739563,0.8433535,0.15664649
36.5,17.4,0,1152,3,1,0.0,1.0,0.0,0.0,1.0,No,0.9200000166893005,0.92335975,0.076640226
21.0,7.8542,0,1153,3,0,0.0,1.0,0.0,0.0,1.0,No,0.9200000166893005,0.92046154,0.07953847
29.0,23.0,2,1154,2,0,1.0,0.0,0.0,0.0,1.0,Yes,0.9399999976158142,0.06321311,0.9367869
1.0,12.1833,1,1155,3,1,1.0,0.0,0.0,0.0,1.0,Yes,0.7599999904632568,0.24203748,0.7579625
30.0,12.7375,0,1156,2,0,0.0,1.0,1.0,0.0,0.0,No,0.7900000214576721,0.785447,0.21455303
30.272590361445783,7.8958,0,1157,3,0,0.0,1.0,0.0,0.0,1.0,No,0.9300000071525574,0.93151724,0.06848278
30.272590361445783,0.0,0,1158,1,0,0.0,1.0,0.0,0.0,1.0,No,0.9300000071525574,0.92614996,0.07385003
30.272590361445783,7.55,0,1159,3,0,0.0,1.0,0.0,0.0,1.0,No,0.9399999976158142,0.9385224,0.061477616
30.272590361445783,8.05,0,1160,3,0,1.0,0.0,0.0,0.0,1.0,No,0.8399999737739563,0.8373346,0.16266543
17.0,8.6625,0,1161,3,0,0.0,1.0,0.0,0.0,1.0,No,0.9100000262260437,0.90801233,0.09198765
46.0,75.2417,0,1162,1,0,0.0,1.0,1.0,0.0,0.0,No,0.8600000143051147,0.8592423,0.1407577
30.272590361445783,7.75,0,1163,3,0,0.0,1.0,0.0,1.0,0.0,No,0.8799999952316284,0.88403,0.11597001
26.0,136.7792,0,1164,1,1,1.0,0.0,1.0,0.0,0.0,Yes,0.949999988079071,0.050057173,0.9499428
30.272590361445783,15.5,0,1165,3,1,1.0,0.0,0.0,1.0,0.0,Yes,0.7099999785423279,0.2899657,0.7100343
30.272590361445783,7.225,0,1166,3,0,0.0,1.0,1.0,0.0,0.0,No,0.9300000071525574,0.9268048,0.073195204
20.0,26.0,0,1167,2,1,1.0,0.0,0.0,0.0,1.0,Yes,0.9399999976158142,0.056590796,0.9434092
28.0,10.5,0,1168,2,0,0.0,1.0,0.0,0.0,1.0,No,0.8700000047683716,0.8710949,0.12890513
40.0,26.0,0,1169,2,1,0.0,1.0,0.0,0.0,1.0,No,0.9200000166893005,0.92335975,0.076640226
30.0,21.0,0,1170,2,1,0.0,1.0,0.0,0.0,1.0,No,0.9100000262260437,0.90711755,0.092882454
22.0,10.5,0,1171,2,0,0.0,1.0,0.0,0.0,1.0,No,0.9200000166893005,0.9236544,0.07634561
23.0,8.6625,0,1172,3,0,1.0,0.0,0.0,0.0,1.0,No,0.7900000214576721,0.79024315,0.20975685
0.75,13.775,1,1173,3,1,0.0,1.0,0.0,0.0,1.0,Yes,0.9399999976158142,0.05531919,0.9446808
30.272590361445783,7.75,0,1174,3,0,1.0,0.0,0.0,1.0,0.0,Yes,0.7599999904632568,0.24100459,0.7589954
9.0,15.2458,1,1175,3,1,1.0,0.0,1.0,0.0,0.0,Yes,0.6600000262260437,0.66016626,0.33983374
2.0,20.2125,1,1176,3,1,1.0,0.0,0.0,0.0,1.0,Yes,0.7099999785423279,0.71494293,0.2850571
36.0,7.25,0,1177,3,0,0.0,1.0,0.0,0.0,1.0,No,0.949999988079071,0.94792867,0.05207133
30.272590361445783,7.25,0,1178,3,0,0.0,1.0,0.0,0.0,1.0,No,0.9399999976158142,0.9385224,0.061477616
24.0,82.2667,0,1179,1,1,0.0,1.0,0.0,0.0,1.0,Yes,0.7200000286102295,0.7212686,0.2787314
30.272590361445783,7.2292,0,1180,3,0,0.0,1.0,1.0,0.0,0.0,No,0.9300000071525574,0.9268048,0.073195204
30.272590361445783,8.05,0,1181,3,0,0.0,1.0,0.0,0.0,1.0,No,0.8700000047683716,0.8675826,0.13241737
30.272590361445783,39.6,0,1182,1,0,0.0,1.0,0.0,0.0,1.0,No,0.8600000143051147,0.86462784,0.13537219
30.0,6.95,0,1183,3,0,1.0,0.0,0.0,1.0,0.0,Yes,0.6700000166893005,0.33419555,0.66580445
30.272590361445783,7.2292,0,1184,3,0,0.0,1.0,1.0,0.0,0.0,No,0.9300000071525574,0.9268048,0.073195204
53.0,81.8583,1,1185,1,1,0.0,1.0,0.0,0.0,1.0,No,0.8299999833106995,0.82897717,0.17102282
36.0,9.5,0,1186,3,0,0.0,1.0,0.0,0.0,1.0,No,0.8899999856948853,0.8881589,0.11184109
26.0,7.8958,0,1187,3,0,0.0,1.0,0.0,0.0,1.0,No,0.9100000262260437,0.9060134,0.09398657
1.0,41.5792,2,1188,2,1,1.0,0.0,1.0,0.0,0.0,Yes,0.8999999761581421,0.10388547,0.8961145
30.272590361445783,21.6792,0,1189,3,2,0.0,1.0,1.0,0.0,0.0,Yes,0.7099999785423279,0.7104517,0.2895483
30.0,45.5,0,1190,1,0,0.0,1.0,0.0,0.0,1.0,No,0.8600000143051147,0.86462784,0.13537219
29.0,7.8542,0,1191,3,0,0.0,1.0,0.0,0.0,1.0,No,0.8100000023841858,0.81120116,0.18879886
32.0,7.775,0,1192,3,0,0.0,1.0,0.0,0.0,1.0,No,0.8199999928474426,0.82018834,0.17981164
30.272590361445783,15.0458,0,1193,2,0,0.0,1.0,1.0,0.0,0.0,No,0.7900000214576721,0.785447,0.21455303
43.0,21.0,1,1194,2,0,0.0,1.0,0.0,0.0,1.0,No,0.8999999761581421,0.9047626,0.09523736
24.0,8.6625,0,1195,3,0,0.0,1.0,0.0,0.0,1.0,No,0.9200000166893005,0.9236544,0.07634561
30.272590361445783,7.75,0,1196,3,0,1.0,0.0,0.0,1.0,0.0,Yes,0.7599999904632568,0.24100459,0.7589954
64.0,26.55,1,1197,1,1,1.0,0.0,0.0,0.0,1.0,Yes,0.7699999809265137,0.22734135,0.77265865
30.0,151.55,2,1198,1,1,0.0,1.0,0.0,0.0,1.0,Yes,0.6700000166893005,0.6723967,0.32760328
0.83,9.35,1,1199,3,0,0.0,1.0,0.0,0.0,1.0,Yes,0.9399999976158142,0.05531919,0.9446808
55.0,93.5,1,1200,1,1,0.0,1.0,0.0,0.0,1.0,No,0.8299999833106995,0.82897717,0.17102282
45.0,14.1083,0,1201,3,1,1.0,0.0,0.0,0.0,1.0,Yes,0.7099999785423279,0.7098818,0.2901182
18.0,8.6625,0,1202,3,0,0.0,1.0,0.0,0.0,1.0,No,0.9100000262260437,0.90801233,0.09198765
22.0,7.225,0,1203,3,0,0.0,1.0,1.0,0.0,0.0,Yes,0.5799999833106995,0.58134705,0.41865295
30.272590361445783,7.575,0,1204,3,0,0.0,1.0,0.0,0.0,1.0,No,0.9399999976158142,0.9385224,0.061477616
37.0,7.75,0,1205,3,0,1.0,0.0,0.0,1.0,0.0,Yes,0.5799999833106995,0.42213315,0.57786685
55.0,135.6333,0,1206,1,0,1.0,0.0,1.0,0.0,0.0,Yes,0.9599999785423279,0.037887692,0.9621123
17.0,7.7333,0,1207,3,0,1.0,0.0,0.0,1.0,0.0,Yes,0.5899999737739563,0.41410726,0.58589274
57.0,146.5208,0,1208,1,1,0.0,1.0,1.0,0.0,0.0,Yes,0.6700000166893005,0.67063534,0.32936463
19.0,10.5,0,1209,2,0,0.0,1.0,0.0,0.0,1.0,No,0.9100000262260437,0.90801233,0.09198765
27.0,7.8542,0,1210,3,0,0.0,1.0,0.0,0.0,1.0,No,0.7900000214576721,0.790237,0.20976299
22.0,31.5,0,1211,2,2,0.0,1.0,0.0,0.0,1.0,No,0.9300000071525574,0.9338966,0.06610338
26.0,7.775,0,1212,3,0,0.0,1.0,0.0,0.0,1.0,No,0.7599999904632568,0.7562926,0.24370743
25.0,7.2292,0,1213,3,0,0.0,1.0,1.0,0.0,0.0,No,0.800000011920929,0.802747,0.19725297
26.0,13.0,0,1214,2,0,0.0,1.0,0.0,0.0,1.0,No,0.8899999856948853,0.88574576,0.114254236
33.0,26.55,0,1215,1,0,0.0,1.0,0.0,0.0,1.0,Yes,0.8199999928474426,0.17881751,0.8211825
39.0,211.3375,0,1216,1,0,1.0,0.0,0.0,0.0,1.0,Yes,0.9300000071525574,0.069638014,0.930362
23.0,7.05,0,1217,3,0,0.0,1.0,0.0,0.0,1.0,No,0.8700000047683716,0.87052673,0.12947327
12.0,39.0,1,1218,2,2,1.0,0.0,0.0,0.0,1.0,Yes,0.949999988079071,0.052134812,0.9478652
46.0,79.2,0,1219,1,0,0.0,1.0,1.0,0.0,0.0,No,0.8600000143051147,0.8592423,0.1407577
29.0,26.0,0,1220,2,1,0.0,1.0,0.0,0.0,1.0,No,0.9200000166893005,0.9178748,0.082125194
21.0,13.0,0,1221,2,0,0.0,1.0,0.0,0.0,1.0,No,0.9399999976158142,0.93645155,0.06354843
48.0,36.75,2,1222,2,0,1.0,0.0,0.0,0.0,1.0,Yes,0.9399999976158142,0.058699965,0.94130003
39.0,29.7,0,1223,1,0,0.0,1.0,1.0,0.0,0.0,Yes,0.5699999928474426,0.5741185,0.42588148
30.272590361445783,7.225,0,1224,3,0,0.0,1.0,1.0,0.0,0.0,No,0.9300000071525574,0.9268048,0.073195204
19.0,15.7417,1,1225,3,1,1.0,0.0,1.0,0.0,0.0,Yes,0.6700000166893005,0.32867956,0.67132044
27.0,7.8958,0,1226,3,0,0.0,1.0,0.0,0.0,1.0,No,0.8399999737739563,0.8448225,0.15517744
30.0,26.0,0,1227,1,0,0.0,1.0,0.0,0.0,1.0,No,0.8600000143051147,0.8597637,0.14023632
32.0,13.0,0,1228,2,0,0.0,1.0,0.0,0.0,1.0,Yes,0.699999988079071,0.69597507,0.30402496
39.0,7.2292,2,1229,3,0,0.0,1.0,1.0,0.0,0.0,No,0.9399999976158142,0.9428775,0.057122547
25.0,31.5,0,1230,2,0,0.0,1.0,0.0,0.0,1.0,No,0.7799999713897705,0.78253967,0.21746033
30.272590361445783,7.2292,0,1231,3,0,0.0,1.0,1.0,0.0,0.0,No,0.9300000071525574,0.9268048,0.073195204
18.0,10.5,0,1232,2,0,0.0,1.0,0.0,0.0,1.0,No,0.9100000262260437,0.90801233,0.09198765
32.0,7.5792,0,1233,3,0,0.0,1.0,0.0,0.0,1.0,No,0.8899999856948853,0.89468336,0.10531661
30.272590361445783,69.55,9,1234,3,1,0.0,1.0,0.0,0.0,1.0,No,0.9200000166893005,0.9179267,0.08207325
58.0,512.3292,1,1235,1,0,1.0,0.0,1.0,0.0,0.0,Yes,0.9399999976158142,0.06360191,0.9363981
30.272590361445783,14.5,1,1236,3,1,0.0,1.0,0.0,0.0,1.0,No,0.8899999856948853,0.8860603,0.11393971
16.0,7.65,0,1237,3,0,1.0,0.0,0.0,0.0,1.0,Yes,0.8100000023841858,0.19030046,0.80969954
26.0,13.0,0,1238,2,0,0.0,1.0,0.0,0.0,1.0,No,0.8899999856948853,0.88574576,0.114254236
38.0,7.2292,0,1239,3,0,1.0,0.0,1.0,0.0,0.0,Yes,0.5699999928474426,0.42532116,0.57467884
24.0,13.5,0,1240,2,0,0.0,1.0,0.0,0.0,1.0,No,0.949999988079071,0.945416,0.054584004
31.0,21.0,0,1241,2,0,1.0,0.0,0.0,0.0,1.0,Yes,0.949999988079071,0.052525878,0.9474741
45.0,63.3583,1,1242,1,0,1.0,0.0,1.0,0.0,0.0,Yes,0.9599999785423279,0.037887692,0.9621123
25.0,10.5,0,1243,2,0,0.0,1.0,0.0,0.0,1.0,No,0.8899999856948853,0.88574576,0.114254236
18.0,73.5,0,1244,2,0,0.0,1.0,0.0,0.0,1.0,No,0.8899999856948853,0.8874007,0.1125993
49.0,65.0,2,1245,2,1,0.0,1.0,0.0,0.0,1.0,No,0.9300000071525574,0.9293532,0.07064683
0.17,20.575,2,1246,3,1,1.0,0.0,0.0,0.0,1.0,Yes,0.6499999761581421,0.65010786,0.34989217
50.0,26.0,0,1247,1,0,0.0,1.0,0.0,0.0,1.0,No,0.7799999713897705,0.7847509,0.21524912
59.0,51.4792,0,1248,1,2,1.0,0.0,0.0,0.0,1.0,Yes,0.9599999785423279,0.037887692,0.9621123
30.272590361445783,7.8792,0,1249,3,0,0.0,1.0,0.0,0.0,1.0,No,0.9300000071525574,0.93151724,0.06848278
30.272590361445783,7.75,0,1250,3,0,0.0,1.0,0.0,1.0,0.0,No,0.8799999952316284,0.88403,0.11597001
30.0,15.55,0,1251,3,1,1.0,0.0,0.0,0.0,1.0,Yes,0.7400000095367432,0.25981772,0.7401823
14.5,69.55,2,1252,3,8,0.0,1.0,0.0,0.0,1.0,No,0.9200000166893005,0.91873735,0.08126263
24.0,37.0042,1,1253,2,1,1.0,0.0,1.0,0.0,0.0,Yes,0.9700000286102295,0.033466935,0.96653306
31.0,21.0,0,1254,2,0,1.0,0.0,0.0,0.0,1.0,Yes,0.949999988079071,0.052525878,0.9474741
27.0,8.6625,0,1255,3,0,0.0,1.0,0.0,0.0,1.0,No,0.8600000143051147,0.8563361,0.14366388
25.0,55.4417,0,1256,1,1,1.0,0.0,1.0,0.0,0.0,Yes,0.949999988079071,0.050057173,0.9499428
30.272590361445783,69.55,9,1257,3,1,1.0,0.0,0.0,0.0,1.0,No,0.8799999952316284,0.87886393,0.121136054
30.272590361445783,14.4583,0,1258,3,1,0.0,1.0,1.0,0.0,0.0,No,0.8100000023841858,0.81064785,0.18935214
22.0,39.6875,0,1259,3,0,1.0,0.0,0.0,0.0,1.0,No,0.8899999856948853,0.8913822,0.10861775
45.0,59.4,1,1260,1,0,1.0,0.0,1.0,0.0,0.0,Yes,0.9599999785423279,0.037887692,0.9621123
29.0,13.8583,0,1261,2,0,0.0,1.0,1.0,0.0,0.0,No,0.7900000214576721,0.785447,0.21455303
21.0,11.5,0,1262,2,1,0.0,1.0,0.0,0.0,1.0,No,0.9399999976158142,0.9411085,0.058891453
31.0,134.5,0,1263,1,0,1.0,0.0,1.0,0.0,0.0,Yes,0.9700000286102295,0.032662034,0.96733797
49.0,0.0,0,1264,1,0,0.0,1.0,0.0,0.0,1.0,No,0.8799999952316284,0.87909603,0.12090395
44.0,13.0,0,1265,2,0,0.0,1.0,0.0,0.0,1.0,No,0.8500000238418579,0.8545033,0.14549671
54.0,81.8583,1,1266,1,1,1.0,0.0,0.0,0.0,1.0,Yes,0.9599999785423279,0.037887692,0.9621123
45.0,262.375,0,1267,1,0,1.0,0.0,1.0,0.0,0.0,Yes,0.9399999976158142,0.06360191,0.9363981
22.0,8.6625,0,1268,3,2,1.0,0.0,0.0,0.0,1.0,No,0.8199999928474426,0.81770974,0.18229027
21.0,11.5,0,1269,2,0,0.0,1.0,0.0,0.0,1.0,No,0.9399999976158142,0.93645155,0.06354843
55.0,50.0,0,1270,1,0,0.0,1.0,0.0,0.0,1.0,No,0.8700000047683716,0.87302256,0.12697744
5.0,31.3875,2,1271,3,4,0.0,1.0,0.0,0.0,1.0,No,0.9100000262260437,0.90827304,0.09172698
30.272590361445783,7.75,0,1272,3,0,0.0,1.0,0.0,1.0,0.0,No,0.8799999952316284,0.88403,0.11597001
26.0,7.8792,0,1273,3,0,0.0,1.0,0.0,1.0,0.0,No,0.9100000262260437,0.9060134,0.09398657
30.272590361445783,14.5,0,1274,3,0,1.0,0.0,0.0,0.0,1.0,Yes,0.6600000262260437,0.34061444,0.65938556
19.0,16.1,0,1275,3,1,1.0,0.0,0.0,0.0,1.0,Yes,0.5600000023841858,0.43727547,0.56272453
30.272590361445783,12.875,0,1276,2,0,0.0,1.0,0.0,0.0,1.0,No,0.8700000047683716,0.8675826,0.13241737
24.0,65.0,2,1277,2,1,1.0,0.0,0.0,0.0,1.0,Yes,0.949999988079071,0.051982164,0.94801784
24.0,7.775,0,1278,3,0,0.0,1.0,0.0,0.0,1.0,No,0.8299999833106995,0.82913005,0.17086996
57.0,13.0,0,1279,2,0,0.0,1.0,0.0,0.0,1.0,No,0.8700000047683716,0.8650142,0.13498583
21.0,7.75,0,1280,3,0,0.0,1.0,0.0,1.0,0.0,No,0.8399999737739563,0.8433535,0.15664649
6.0,21.075,1,1281,3,3,0.0,1.0,0.0,0.0,1.0,No,0.8899999856948853,0.8905304,0.10946958
23.0,93.5,0,1282,1,0,0.0,1.0,0.0,0.0,1.0,Yes,0.7200000286102295,0.72079086,0.2792091
51.0,39.4,1,1283,1,0,1.0,0.0,0.0,0.0,1.0,Yes,0.9599999785423279,0.037887692,0.9621123
13.0,20.25,2,1284,3,0,0.0,1.0,0.0,0.0,1.0,No,0.800000011920929,0.8037404,0.19625959
47.0,10.5,0,1285,2,0,0.0,1.0,0.0,0.0,1.0,No,0.8600000143051147,0.8642539,0.13574609
29.0,22.025,1,1286,3,3,0.0,1.0,0.0,0.0,1.0,No,0.9100000262260437,0.9113213,0.08867871
18.0,60.0,0,1287,1,1,1.0,0.0,0.0,0.0,1.0,Yes,0.9700000286102295,0.033466935,0.96653306
24.0,7.25,0,1288,3,0,0.0,1.0,0.0,1.0,0.0,No,0.8999999761581421,0.9007616,0.099238396
48.0,79.2,1,1289,1,1,1.0,0.0,1.0,0.0,0.0,Yes,0.9599999785423279,0.037887692,0.9621123
22.0,7.775,0,1290,3,0,0.0,1.0,0.0,0.0,1.0,No,0.8399999737739563,0.8433535,0.15664649
31.0,7.7333,0,1291,3,0,0.0,1.0,0.0,1.0,0.0,No,0.8899999856948853,0.89468336,0.10531661
30.0,164.8667,0,1292,1,0,1.0,0.0,0.0,0.0,1.0,Yes,0.9300000071525574,0.069638014,0.930362
38.0,21.0,0,1293,2,1,0.0,1.0,0.0,0.0,1.0,No,0.9200000166893005,0.92335975,0.076640226
22.0,59.4,1,1294,1,0,1.0,0.0,1.0,0.0,0.0,Yes,0.9700000286102295,0.033466935,0.96653306
17.0,47.1,0,1295,1,0,0.0,1.0,0.0,0.0,1.0,No,0.800000011920929,0.79554456,0.20445542
43.0,27.7208,0,1296,1,1,0.0,1.0,1.0,0.0,0.0,No,0.7599999904632568,0.7581183,0.24188174
20.0,13.8625,0,1297,2,0,0.0,1.0,1.0,0.0,0.0,No,0.7799999713897705,0.78361547,0.21638456
23.0,10.5,0,1298,2,1,0.0,1.0,0.0,0.0,1.0,No,0.9300000071525574,0.9291783,0.070821725
50.0,211.5,1,1299,1,1,0.0,1.0,1.0,0.0,0.0,Yes,0.6399999856948853,0.6433494,0.3566506
30.272590361445783,7.7208,0,1300,3,0,1.0,0.0,0.0,1.0,0.0,Yes,0.7599999904632568,0.24100459,0.7589954
3.0,13.775,1,1301,3,1,1.0,0.0,0.0,0.0,1.0,Yes,0.7200000286102295,0.28021258,0.7197874
30.272590361445783,7.75,0,1302,3,0,1.0,0.0,0.0,1.0,0.0,Yes,0.7599999904632568,0.24100459,0.7589954
37.0,90.0,0,1303,1,1,1.0,0.0,0.0,1.0,0.0,Yes,0.9700000286102295,0.032662034,0.96733797
28.0,7.775,0,1304,3,0,1.0,0.0,0.0,0.0,1.0,Yes,0.7300000190734863,0.7279359,0.2720641
30.272590361445783,8.05,0,1305,3,0,0.0,1.0,0.0,0.0,1.0,No,0.8700000047683716,0.8675826,0.13241737
39.0,108.9,0,1306,1,0,1.0,0.0,1.0,0.0,0.0,Yes,0.9700000286102295,0.032662034,0.96733797
38.5,7.25,0,1307,3,0,0.0,1.0,0.0,0.0,1.0,No,0.949999988079071,0.94792867,0.05207133
30.272590361445783,8.05,0,1308,3,0,0.0,1.0,0.0,0.0,1.0,No,0.8700000047683716,0.8675826,0.13241737
30.272590361445783,22.3583,1,1309,3,1,0.0,1.0,1.0,0.0,0.0,Yes,0.6600000262260437,0.6614487,0.33855128
